USE locadora_automoveis;
INSERT INTO cliente (cpf, nome, municipio, telefone) VALUES
('10000000001', 'Cliente 1', 'Municipio 2', '(21) 900000001'),
('10000000002', 'Cliente 2', 'Municipio 3', '(21) 900000002'),
('10000000003', 'Cliente 3', 'Municipio 4', '(21) 900000003'),
('10000000004', 'Cliente 4', 'Municipio 5', '(21) 900000004'),
('10000000005', 'Cliente 5', 'Municipio 1', '(21) 900000005'),
('10000000006', 'Cliente 6', 'Municipio 2', '(21) 900000006'),
('10000000007', 'Cliente 7', 'Municipio 3', '(21) 900000007'),
('10000000008', 'Cliente 8', 'Municipio 4', '(21) 900000008'),
('10000000009', 'Cliente 9', 'Municipio 5', '(21) 900000009'),
('10000000010', 'Cliente 10', 'Municipio 1', '(21) 900000010'),
('10000000011', 'Cliente 11', 'Municipio 2', '(21) 900000011'),
('10000000012', 'Cliente 12', 'Municipio 3', '(21) 900000012'),
('10000000013', 'Cliente 13', 'Municipio 4', '(21) 900000013'),
('10000000014', 'Cliente 14', 'Municipio 5', '(21) 900000014'),
('10000000015', 'Cliente 15', 'Municipio 1', '(21) 900000015'),
('10000000016', 'Cliente 16', 'Municipio 2', '(21) 900000016'),
('10000000017', 'Cliente 17', 'Municipio 3', '(21) 900000017'),
('10000000018', 'Cliente 18', 'Municipio 4', '(21) 900000018'),
('10000000019', 'Cliente 19', 'Municipio 5', '(21) 900000019'),
('10000000020', 'Cliente 20', 'Municipio 1', '(21) 900000020'),
('10000000021', 'Cliente 21', 'Municipio 2', '(21) 900000021'),
('10000000022', 'Cliente 22', 'Municipio 3', '(21) 900000022'),
('10000000023', 'Cliente 23', 'Municipio 4', '(21) 900000023'),
('10000000024', 'Cliente 24', 'Municipio 5', '(21) 900000024'),
('10000000025', 'Cliente 25', 'Municipio 1', '(21) 900000025');

/*Clientes que nunca recebram multa*/
INSERT INTO cliente VALUES
('10000000031', 'Cliente 31', 'Municipio 3', '(21) 900000031'),
('10000000032', 'Cliente 32', 'Municipio 2', '(21) 900000032');

/*CLIENTES QUE NUNCA REALIZARAM RESERVAS*/
INSERT INTO cliente (cpf, nome, municipio, telefone) VALUES
('10000000026', 'Cliente 26', 'Municipio 4', '(21) 900000026'),
('10000000027', 'Cliente 27', 'Municipio 1', '(21) 900000027'),
('10000000028', 'Cliente 28', 'Municipio 3', '(21) 900000028'),
('10000000029', 'Cliente 29', 'Municipio 2', '(21) 900000029'),
('10000000030', 'Cliente 30', 'Municipio 2', '(21) 900000030');

INSERT INTO automovel (chassi, placa, modelo, marca, ano_fabricacao, ano_modelo) VALUES
('CHS00001', 'ABC0001', 'Onix', 'Chevrolet', 2021, 2022),
('CHS00002', 'ABC0002', 'Gol', 'Volkswagen', 2022, 2023),
('CHS00003', 'ABC0003', 'Corolla', 'Toyota', 2023, 2024),
('CHS00004', 'ABC0004', 'Civic', 'Honda', 2020, 2021),
('CHS00005', 'ABC0005', 'HB20', 'Fiat', 2021, 2022),
('CHS00006', 'ABC0006', 'Uno', 'Chevrolet', 2022, 2023),
('CHS00007', 'ABC0007', 'Onix', 'Volkswagen', 2023, 2024),
('CHS00008', 'ABC0008', 'Gol', 'Toyota', 2020, 2021),
('CHS00009', 'ABC0009', 'Corolla', 'Honda', 2021, 2022),
('CHS00010', 'ABC0010', 'Civic', 'Fiat', 2022, 2023),
('CHS00011', 'ABC0011', 'HB20', 'Chevrolet', 2023, 2024),
('CHS00012', 'ABC0012', 'Uno', 'Volkswagen', 2020, 2021),
('CHS00013', 'ABC0013', 'Onix', 'Toyota', 2021, 2022),
('CHS00014', 'ABC0014', 'Gol', 'Honda', 2022, 2023),
('CHS00015', 'ABC0015', 'Corolla', 'Fiat', 2023, 2024),
('CHS00016', 'ABC0016', 'Civic', 'Chevrolet', 2020, 2021),
('CHS00017', 'ABC0017', 'HB20', 'Volkswagen', 2021, 2022),
('CHS00018', 'ABC0018', 'Uno', 'Toyota', 2022, 2023),
('CHS00019', 'ABC0019', 'Onix', 'Honda', 2023, 2024),
('CHS00020', 'ABC0020', 'Gol', 'Fiat', 2020, 2021),
('CHS00021', 'ABC0021', 'Corolla', 'Chevrolet', 2021, 2022),
('CHS00022', 'ABC0022', 'Civic', 'Volkswagen', 2022, 2023),
('CHS00023', 'ABC0023', 'HB20', 'Toyota', 2023, 2024),
('CHS00024', 'ABC0024', 'Uno', 'Honda', 2020, 2021),
('CHS00025', 'ABC0025', 'Onix', 'Fiat', 2021, 2022),
('CHS00026', 'ABC0026', 'Gol', 'Chevrolet', 2022, 2023),
('CHS00027', 'ABC0027', 'Corolla', 'Volkswagen', 2023, 2024),
('CHS00028', 'ABC0028', 'Civic', 'Toyota', 2020, 2021),
('CHS00029', 'ABC0029', 'HB20', 'Honda', 2021, 2022),
('CHS00030', 'ABC0030', 'Uno', 'Fiat', 2022, 2023),
('CHS00031', 'ABC0031', 'Onix', 'Chevrolet', 2023, 2024),
('CHS00032', 'ABC0032', 'Gol', 'Volkswagen', 2020, 2021),
('CHS00033', 'ABC0033', 'Corolla', 'Toyota', 2021, 2022),
('CHS00034', 'ABC0034', 'Civic', 'Honda', 2022, 2023),
('CHS00035', 'ABC0035', 'HB20', 'Fiat', 2023, 2024),
('CHS00036', 'ABC0036', 'Uno', 'Chevrolet', 2020, 2021),
('CHS00037', 'ABC0037', 'Onix', 'Volkswagen', 2021, 2022),
('CHS00038', 'ABC0038', 'Gol', 'Toyota', 2022, 2023),
('CHS00039', 'ABC0039', 'Corolla', 'Honda', 2023, 2024),
('CHS00040', 'ABC0040', 'Civic', 'Fiat', 2020, 2021),
('CHS00041', 'ABC0041', 'HB20', 'Chevrolet', 2021, 2022),
('CHS00042', 'ABC0042', 'Uno', 'Volkswagen', 2022, 2023),
('CHS00043', 'ABC0043', 'Onix', 'Toyota', 2023, 2024),
('CHS00044', 'ABC0044', 'Gol', 'Honda', 2020, 2021),
('CHS00045', 'ABC0045', 'Corolla', 'Fiat', 2021, 2022),
('CHS00046', 'ABC0046', 'Civic', 'Chevrolet', 2022, 2023),
('CHS00047', 'ABC0047', 'HB20', 'Volkswagen', 2023, 2024),
('CHS00048', 'ABC0048', 'Uno', 'Toyota', 2020, 2021),
('CHS00049', 'ABC0049', 'Onix', 'Honda', 2021, 2022),
('CHS00050', 'ABC0050', 'Gol', 'Fiat', 2022, 2023);

/*Automóveis sem reserva*/
INSERT INTO automovel (chassi, placa, modelo, marca, ano_fabricacao, ano_modelo) VALUES
('CHS00051', 'ABC0051', 'Onix', 'Fiat', 2021, 2022),
('CHS00052', 'ABC0052', 'Gol', 'Volkswagem', 2021, 2025),
('CHS00053', 'ABC0053', 'Onix', 'Fiat', 2022, 2023),
('CHS00054', 'ABC0054', 'Uno', 'Toyota', 2021, 2022);

INSERT INTO reserva (rid, cliente_cpf, datainicio, datatermino, multa) VALUES
(1, '10000000008', '2025-11-17', '2025-11-19', 274.42),
(2, '10000000009', '2025-06-03', '2025-06-09', 417.97),
(3, '10000000009', '2025-09-23', '2025-10-01', 444.49),
(4, '10000000012', '2025-09-16', '2025-09-23', 231.71),
(5, '10000000025', '2025-03-16', '2025-03-17', 397.14),
(6, '10000000005', '2025-04-24', '2025-04-29', 27.02),
(7, '10000000018', '2025-06-19', '2025-06-27', 319.4),
(8, '10000000023', '2025-11-04', '2025-11-12', 101.81),
(9, '10000000007', '2025-09-07', '2025-09-16', 56.75),
(10, '10000000004', '2025-08-15', '2025-08-25', 392.77),
(11, '10000000001', '2025-06-14', '2025-06-24', 324.88),
(12, '10000000003', '2025-07-15', '2025-07-19', 450.2),
(13, '10000000013', '2025-04-13', '2025-04-15', 465.53),
(14, '10000000018', '2025-06-22', '2025-06-23', 364.02),
(15, '10000000015', '2025-11-22', '2025-11-29', 190.56),
(16, '10000000005', '2025-06-10', '2025-06-15', 288.14),
(17, '10000000016', '2025-07-18', '2025-07-28', 22.05),
(18, '10000000023', '2025-12-20', '2025-12-27', 55.49),
(19, '10000000015', '2025-05-22', '2025-05-26', 241.77),
(20, '10000000003', '2025-04-14', '2025-04-24', 362.82),
(21, '10000000011', '2025-06-13', '2025-06-16', 107.02),
(22, '10000000014', '2025-01-16', '2025-01-21', 217.58),
(23, '10000000013', '2025-12-23', '2025-12-25', 196.47),
(24, '10000000008', '2025-06-12', '2025-06-14', 285.08),
(25, '10000000022', '2025-11-16', '2025-11-17', 193.4),
(26, '10000000014', '2025-02-05', '2025-02-09', 22.65),
(27, '10000000005', '2025-05-06', '2025-05-14', 488.47),
(28, '10000000020', '2025-06-18', '2025-06-26', 362.19),
(29, '10000000025', '2025-04-05', '2025-04-08', 445.4),
(30, '10000000004', '2025-09-03', '2025-09-08', 84.83),
(31, '10000000005', '2025-04-17', '2025-04-19', 377.07),
(32, '10000000017', '2025-08-19', '2025-08-23', 434.36),
(33, '10000000019', '2025-07-11', '2025-07-17', 473.1),
(34, '10000000025', '2025-06-24', '2025-06-30', 300.36),
(35, '10000000006', '2025-05-08', '2025-05-12', 160.92),
(36, '10000000008', '2025-04-18', '2025-04-21', 200.7),
(37, '10000000002', '2025-04-16', '2025-04-26', 466.49),
(38, '10000000013', '2025-02-16', '2025-02-17', 143.28),
(39, '10000000007', '2025-11-06', '2025-11-15', 179.36),
(40, '10000000015', '2025-10-01', '2025-10-08', 353.58),
(41, '10000000015', '2025-03-13', '2025-03-20', 321.6),
(42, '10000000003', '2025-08-22', '2025-08-24', 480.41),
(43, '10000000018', '2025-01-25', '2025-02-03', 477.59),
(44, '10000000012', '2025-03-14', '2025-03-23', 31.05),
(45, '10000000012', '2025-12-17', '2025-12-18', 346.06),
(46, '10000000002', '2025-07-16', '2025-07-17', 140.94),
(47, '10000000015', '2025-06-04', '2025-06-06', 492.68),
(48, '10000000018', '2025-11-16', '2025-11-21', 346.59),
(49, '10000000012', '2025-10-12', '2025-10-22', 127.69),
(50, '10000000017', '2025-02-12', '2025-02-15', 360.23),
(51, '10000000022', '2025-09-04', '2025-09-07', 414.87),
(52, '10000000018', '2025-04-21', '2025-04-24', 304.44),
(53, '10000000024', '2025-03-16', '2025-03-24', 435.51),
(54, '10000000008', '2025-12-25', '2025-12-30', 83.49),
(55, '10000000005', '2025-03-22', '2025-03-26', 149.5),
(56, '10000000018', '2025-09-18', '2025-09-24', 460.59),
(57, '10000000013', '2025-05-17', '2025-05-23', 488.16),
(58, '10000000008', '2025-06-10', '2025-06-15', 488.88),
(59, '10000000007', '2025-04-02', '2025-04-04', 484.55),
(60, '10000000005', '2025-11-02', '2025-11-09', 4.69),
(61, '10000000004', '2025-09-14', '2025-09-20', 116.84),
(62, '10000000015', '2025-01-11', '2025-01-12', 244.98),
(63, '10000000010', '2025-09-19', '2025-09-25', 362.64),
(64, '10000000021', '2025-04-01', '2025-04-03', 325.74),
(65, '10000000021', '2025-11-01', '2025-11-02', 414.27),
(66, '10000000009', '2025-03-21', '2025-03-29', 476.73),
(67, '10000000002', '2025-02-06', '2025-02-07', 288.34),
(68, '10000000024', '2025-04-25', '2025-05-01', 194.26),
(69, '10000000010', '2025-10-11', '2025-10-21', 95.83),
(70, '10000000025', '2025-01-19', '2025-01-21', 145.8),
(71, '10000000021', '2025-12-17', '2025-12-23', 214.51),
(72, '10000000013', '2025-10-07', '2025-10-10', 16.05),
(73, '10000000020', '2025-07-08', '2025-07-09', 238.77),
(74, '10000000018', '2025-10-08', '2025-10-16', 450.78),
(75, '10000000006', '2025-05-15', '2025-05-17', 73.01),
(76, '10000000001', '2025-02-02', '2025-02-03', 119.28),
(77, '10000000015', '2025-12-02', '2025-12-06', 404.44),
(78, '10000000022', '2025-07-16', '2025-07-18', 95.27),
(79, '10000000002', '2025-02-16', '2025-02-26', 402.75),
(80, '10000000023', '2025-12-11', '2025-12-21', 489.52),
(81, '10000000005', '2025-11-19', '2025-11-29', 361.28),
(82, '10000000017', '2025-06-21', '2025-06-23', 413.17),
(83, '10000000017', '2025-01-21', '2025-01-27', 189.27),
(84, '10000000021', '2025-02-08', '2025-02-14', 135.04),
(85, '10000000023', '2025-03-20', '2025-03-24', 29.13),
(86, '10000000009', '2025-09-18', '2025-09-24', 58.0),
(87, '10000000016', '2025-10-09', '2025-10-18', 328.15),
(88, '10000000003', '2025-06-08', '2025-06-11', 228.94),
(89, '10000000025', '2025-12-24', '2025-12-29', 180.29),
(90, '10000000009', '2025-02-13', '2025-02-17', 277.3),
(91, '10000000013', '2025-03-23', '2025-04-01', 277.24),
(92, '10000000011', '2025-05-19', '2025-05-20', 287.67),
(93, '10000000004', '2025-04-20', '2025-04-30', 398.41),
(94, '10000000008', '2025-03-05', '2025-03-07', 35.79),
(95, '10000000016', '2025-08-10', '2025-08-14', 129.94),
(96, '10000000025', '2025-05-25', '2025-05-28', 284.72),
(97, '10000000005', '2025-11-20', '2025-11-30', 257.02),
(98, '10000000013', '2025-02-24', '2025-03-01', 256.69),
(99, '10000000014', '2025-04-23', '2025-05-01', 435.19),
(100, '10000000014', '2025-12-05', '2025-12-15', 326.74);

/* Reservas de clientes que não recebram multa */
INSERT INTO reserva (rid, cliente_cpf, datainicio, datatermino, multa) VALUES
(101, '10000000031', '2025-04-23', '2025-05-01', 000.00 ),
(102, '10000000032', '2024-03-01', '2024-06-05', 000.00);

INSERT INTO reserva_automovel (reserva_rid, automovel_chassi) VALUES
(1, 'CHS00015'),
(1, 'CHS00033'),
(2, 'CHS00035'),
(2, 'CHS00023'),
(3, 'CHS00003'),
(3, 'CHS00037'),
(3, 'CHS00013'),
(4, 'CHS00006'),
(5, 'CHS00005'),
(5, 'CHS00047'),
(5, 'CHS00046'),
(6, 'CHS00001'),
(6, 'CHS00002'),
(6, 'CHS00003'),
(6, 'CHS00004'),
(6, 'CHS00005'),
(6, 'CHS00006'),
(6, 'CHS00007'),
(6, 'CHS00008'),
(6, 'CHS00009'),
(6, 'CHS00010'),
(6, 'CHS00011'),
(6, 'CHS00012'),
(6, 'CHS00013'),
(6, 'CHS00014'),
(6, 'CHS00015'),
(6, 'CHS00016'),
(6, 'CHS00017'),
(6, 'CHS00018'),
(6, 'CHS00019'),
(6, 'CHS00020'),
(6, 'CHS00021'),
(6, 'CHS00022'),
(6, 'CHS00023'),
(6, 'CHS00024'),
(6, 'CHS00025'),
(6, 'CHS00026'),
(6, 'CHS00027'),
(6, 'CHS00028'),
(6, 'CHS00029'),
(6, 'CHS00030'),
(6, 'CHS00031'),
(6, 'CHS00032'),
(6, 'CHS00033'),
(6, 'CHS00034'),
(6, 'CHS00035'),
(6, 'CHS00036'),
(6, 'CHS00037'),
(6, 'CHS00038'),
(6, 'CHS00039'),
(6, 'CHS00040'),
(6, 'CHS00041'),
(6, 'CHS00042'),
(6, 'CHS00043'),
(6, 'CHS00044'),
(6, 'CHS00045'),
(6, 'CHS00046'),
(6, 'CHS00047'),
(6, 'CHS00048'),
(6, 'CHS00049'),
(6, 'CHS00050'),
(7, 'CHS00044'),
(7, 'CHS00010'),
(7, 'CHS00035'),
(8, 'CHS00005'),
(8, 'CHS00008'),
(9, 'CHS00046'),
(10, 'CHS00041'),
(10, 'CHS00023'),
(10, 'CHS00021'),
(11, 'CHS00004'),
(11, 'CHS00007'),
(11, 'CHS00040'),
(12, 'CHS00047'),
(12, 'CHS00045'),
(13, 'CHS00002'),
(14, 'CHS00018'),
(14, 'CHS00002'),
(15, 'CHS00044'),
(15, 'CHS00048'),
(15, 'CHS00049'),
(16, 'CHS00001'),
(16, 'CHS00002'),
(16, 'CHS00003'),
(16, 'CHS00004'),
(16, 'CHS00005'),
(16, 'CHS00006'),
(16, 'CHS00007'),
(16, 'CHS00008'),
(16, 'CHS00009'),
(16, 'CHS00010'),
(16, 'CHS00011'),
(16, 'CHS00012'),
(16, 'CHS00013'),
(16, 'CHS00014'),
(16, 'CHS00015'),
(16, 'CHS00016'),
(16, 'CHS00017'),
(16, 'CHS00018'),
(16, 'CHS00019'),
(16, 'CHS00020'),
(16, 'CHS00021'),
(16, 'CHS00022'),
(16, 'CHS00023'),
(16, 'CHS00024'),
(16, 'CHS00025'),
(16, 'CHS00026'),
(16, 'CHS00027'),
(16, 'CHS00028'),
(16, 'CHS00029'),
(16, 'CHS00030'),
(16, 'CHS00031'),
(16, 'CHS00032'),
(16, 'CHS00033'),
(16, 'CHS00034'),
(16, 'CHS00035'),
(16, 'CHS00036'),
(16, 'CHS00037'),
(16, 'CHS00038'),
(16, 'CHS00039'),
(16, 'CHS00040'),
(16, 'CHS00041'),
(16, 'CHS00042'),
(16, 'CHS00043'),
(16, 'CHS00044'),
(16, 'CHS00045'),
(16, 'CHS00046'),
(16, 'CHS00047'),
(16, 'CHS00048'),
(16, 'CHS00049'),
(16, 'CHS00050'),
(17, 'CHS00045'),
(17, 'CHS00049'),
(18, 'CHS00021'),
(18, 'CHS00037'),
(18, 'CHS00050'),
(19, 'CHS00019'),
(19, 'CHS00004'),
(20, 'CHS00025'),
(20, 'CHS00039'),
(20, 'CHS00043'),
(21, 'CHS00050'),
(22, 'CHS00029'),
(22, 'CHS00004'),
(22, 'CHS00027'),
(23, 'CHS00011'),
(24, 'CHS00037'),
(24, 'CHS00048'),
(24, 'CHS00029'),
(25, 'CHS00001'),
(25, 'CHS00002'),
(25, 'CHS00003'),
(25, 'CHS00004'),
(25, 'CHS00005'),
(25, 'CHS00006'),
(25, 'CHS00007'),
(25, 'CHS00008'),
(25, 'CHS00009'),
(25, 'CHS00010'),
(25, 'CHS00011'),
(25, 'CHS00012'),
(25, 'CHS00013'),
(25, 'CHS00014'),
(25, 'CHS00015'),
(25, 'CHS00016'),
(25, 'CHS00017'),
(25, 'CHS00018'),
(25, 'CHS00019'),
(25, 'CHS00020'),
(25, 'CHS00021'),
(25, 'CHS00022'),
(25, 'CHS00023'),
(25, 'CHS00024'),
(25, 'CHS00025'),
(25, 'CHS00026'),
(25, 'CHS00027'),
(25, 'CHS00028'),
(25, 'CHS00029'),
(25, 'CHS00030'),
(25, 'CHS00031'),
(25, 'CHS00032'),
(25, 'CHS00033'),
(25, 'CHS00034'),
(25, 'CHS00035'),
(25, 'CHS00036'),
(25, 'CHS00037'),
(25, 'CHS00038'),
(25, 'CHS00039'),
(25, 'CHS00040'),
(25, 'CHS00041'),
(25, 'CHS00042'),
(25, 'CHS00043'),
(25, 'CHS00044'),
(25, 'CHS00045'),
(25, 'CHS00046'),
(25, 'CHS00047'),
(25, 'CHS00048'),
(25, 'CHS00049'),
(25, 'CHS00050'),
(26, 'CHS00022'),
(27, 'CHS00001'),
(27, 'CHS00002'),
(27, 'CHS00003'),
(27, 'CHS00004'),
(27, 'CHS00005'),
(27, 'CHS00006'),
(27, 'CHS00007'),
(27, 'CHS00008'),
(27, 'CHS00009'),
(27, 'CHS00010'),
(27, 'CHS00011'),
(27, 'CHS00012'),
(27, 'CHS00013'),
(27, 'CHS00014'),
(27, 'CHS00015'),
(27, 'CHS00016'),
(27, 'CHS00017'),
(27, 'CHS00018'),
(27, 'CHS00019'),
(27, 'CHS00020'),
(27, 'CHS00021'),
(27, 'CHS00022'),
(27, 'CHS00023'),
(27, 'CHS00024'),
(27, 'CHS00025'),
(27, 'CHS00026'),
(27, 'CHS00027'),
(27, 'CHS00028'),
(27, 'CHS00029'),
(27, 'CHS00030'),
(27, 'CHS00031'),
(27, 'CHS00032'),
(27, 'CHS00033'),
(27, 'CHS00034'),
(27, 'CHS00035'),
(27, 'CHS00036'),
(27, 'CHS00037'),
(27, 'CHS00038'),
(27, 'CHS00039'),
(27, 'CHS00040'),
(27, 'CHS00041'),
(27, 'CHS00042'),
(27, 'CHS00043'),
(27, 'CHS00044'),
(27, 'CHS00045'),
(27, 'CHS00046'),
(27, 'CHS00047'),
(27, 'CHS00048'),
(27, 'CHS00049'),
(27, 'CHS00050'),
(28, 'CHS00050'),
(28, 'CHS00046'),
(28, 'CHS00015'),
(29, 'CHS00044'),
(30, 'CHS00045'),
(30, 'CHS00041'),
(31, 'CHS00001'),
(31, 'CHS00002'),
(31, 'CHS00003'),
(31, 'CHS00004'),
(31, 'CHS00005'),
(31, 'CHS00006'),
(31, 'CHS00007'),
(31, 'CHS00008'),
(31, 'CHS00009'),
(31, 'CHS00010'),
(31, 'CHS00011'),
(31, 'CHS00012'),
(31, 'CHS00013'),
(31, 'CHS00014'),
(31, 'CHS00015'),
(31, 'CHS00016'),
(31, 'CHS00017'),
(31, 'CHS00018'),
(31, 'CHS00019'),
(31, 'CHS00020'),
(31, 'CHS00021'),
(31, 'CHS00022'),
(31, 'CHS00023'),
(31, 'CHS00024'),
(31, 'CHS00025'),
(31, 'CHS00026'),
(31, 'CHS00027'),
(31, 'CHS00028'),
(31, 'CHS00029'),
(31, 'CHS00030'),
(31, 'CHS00031'),
(31, 'CHS00032'),
(31, 'CHS00033'),
(31, 'CHS00034'),
(31, 'CHS00035'),
(31, 'CHS00036'),
(31, 'CHS00037'),
(31, 'CHS00038'),
(31, 'CHS00039'),
(31, 'CHS00040'),
(31, 'CHS00041'),
(31, 'CHS00042'),
(31, 'CHS00043'),
(31, 'CHS00044'),
(31, 'CHS00045'),
(31, 'CHS00046'),
(31, 'CHS00047'),
(31, 'CHS00048'),
(31, 'CHS00049'),
(31, 'CHS00050'),
(32, 'CHS00002'),
(32, 'CHS00046'),
(32, 'CHS00009'),
(33, 'CHS00001'),
(33, 'CHS00002'),
(33, 'CHS00003'),
(33, 'CHS00004'),
(33, 'CHS00005'),
(33, 'CHS00006'),
(33, 'CHS00007'),
(33, 'CHS00008'),
(33, 'CHS00009'),
(33, 'CHS00010'),
(33, 'CHS00011'),
(33, 'CHS00012'),
(33, 'CHS00013'),
(33, 'CHS00014'),
(33, 'CHS00015'),
(33, 'CHS00016'),
(33, 'CHS00017'),
(33, 'CHS00018'),
(33, 'CHS00019'),
(33, 'CHS00020'),
(33, 'CHS00021'),
(33, 'CHS00022'),
(33, 'CHS00023'),
(33, 'CHS00024'),
(33, 'CHS00025'),
(33, 'CHS00026'),
(33, 'CHS00027'),
(33, 'CHS00028'),
(33, 'CHS00029'),
(33, 'CHS00030'),
(33, 'CHS00031'),
(33, 'CHS00032'),
(33, 'CHS00033'),
(33, 'CHS00034'),
(33, 'CHS00035'),
(33, 'CHS00036'),
(33, 'CHS00037'),
(33, 'CHS00038'),
(33, 'CHS00039'),
(33, 'CHS00040'),
(33, 'CHS00041'),
(33, 'CHS00042'),
(33, 'CHS00043'),
(33, 'CHS00044'),
(33, 'CHS00045'),
(33, 'CHS00046'),
(33, 'CHS00047'),
(33, 'CHS00048'),
(33, 'CHS00049'),
(33, 'CHS00050'),
(34, 'CHS00026'),
(35, 'CHS00050'),
(36, 'CHS00040'),
(36, 'CHS00030'),
(36, 'CHS00041'),
(37, 'CHS00018'),
(37, 'CHS00044'),
(38, 'CHS00021'),
(39, 'CHS00040'),
(40, 'CHS00015'),
(41, 'CHS00007'),
(42, 'CHS00030'),
(42, 'CHS00031'),
(42, 'CHS00046'),
(43, 'CHS00024'),
(44, 'CHS00048'),
(44, 'CHS00028'),
(45, 'CHS00019'),
(46, 'CHS00027'),
(46, 'CHS00029'),
(46, 'CHS00010'),
(47, 'CHS00031'),
(47, 'CHS00018'),
(48, 'CHS00010'),
(49, 'CHS00004'),
(49, 'CHS00012'),
(50, 'CHS00034'),
(51, 'CHS00001'),
(51, 'CHS00002'),
(51, 'CHS00003'),
(51, 'CHS00004'),
(51, 'CHS00005'),
(51, 'CHS00006'),
(51, 'CHS00007'),
(51, 'CHS00008'),
(51, 'CHS00009'),
(51, 'CHS00010'),
(51, 'CHS00011'),
(51, 'CHS00012'),
(51, 'CHS00013'),
(51, 'CHS00014'),
(51, 'CHS00015'),
(51, 'CHS00016'),
(51, 'CHS00017'),
(51, 'CHS00018'),
(51, 'CHS00019'),
(51, 'CHS00020'),
(51, 'CHS00021'),
(51, 'CHS00022'),
(51, 'CHS00023'),
(51, 'CHS00024'),
(51, 'CHS00025'),
(51, 'CHS00026'),
(51, 'CHS00027'),
(51, 'CHS00028'),
(51, 'CHS00029'),
(51, 'CHS00030'),
(51, 'CHS00031'),
(51, 'CHS00032'),
(51, 'CHS00033'),
(51, 'CHS00034'),
(51, 'CHS00035'),
(51, 'CHS00036'),
(51, 'CHS00037'),
(51, 'CHS00038'),
(51, 'CHS00039'),
(51, 'CHS00040'),
(51, 'CHS00041'),
(51, 'CHS00042'),
(51, 'CHS00043'),
(51, 'CHS00044'),
(51, 'CHS00045'),
(51, 'CHS00046'),
(51, 'CHS00047'),
(51, 'CHS00048'),
(51, 'CHS00049'),
(51, 'CHS00050'),
(52, 'CHS00008'),
(52, 'CHS00014'),
(52, 'CHS00027'),
(53, 'CHS00029'),
(53, 'CHS00035'),
(53, 'CHS00045'),
(54, 'CHS00040'),
(54, 'CHS00006'),
(54, 'CHS00015'),
(55, 'CHS00001'),
(55, 'CHS00002'),
(55, 'CHS00003'),
(55, 'CHS00004'),
(55, 'CHS00005'),
(55, 'CHS00006'),
(55, 'CHS00007'),
(55, 'CHS00008'),
(55, 'CHS00009'),
(55, 'CHS00010'),
(55, 'CHS00011'),
(55, 'CHS00012'),
(55, 'CHS00013'),
(55, 'CHS00014'),
(55, 'CHS00015'),
(55, 'CHS00016'),
(55, 'CHS00017'),
(55, 'CHS00018'),
(55, 'CHS00019'),
(55, 'CHS00020'),
(55, 'CHS00021'),
(55, 'CHS00022'),
(55, 'CHS00023'),
(55, 'CHS00024'),
(55, 'CHS00025'),
(55, 'CHS00026'),
(55, 'CHS00027'),
(55, 'CHS00028'),
(55, 'CHS00029'),
(55, 'CHS00030'),
(55, 'CHS00031'),
(55, 'CHS00032'),
(55, 'CHS00033'),
(55, 'CHS00034'),
(55, 'CHS00035'),
(55, 'CHS00036'),
(55, 'CHS00037'),
(55, 'CHS00038'),
(55, 'CHS00039'),
(55, 'CHS00040'),
(55, 'CHS00041'),
(55, 'CHS00042'),
(55, 'CHS00043'),
(55, 'CHS00044'),
(55, 'CHS00045'),
(55, 'CHS00046'),
(55, 'CHS00047'),
(55, 'CHS00048'),
(55, 'CHS00049'),
(55, 'CHS00050'),
(56, 'CHS00022'),
(57, 'CHS00017'),
(57, 'CHS00011'),
(58, 'CHS00036'),
(58, 'CHS00042'),
(59, 'CHS00001'),
(59, 'CHS00012'),
(59, 'CHS00019'),
(60, 'CHS00001'),
(60, 'CHS00002'),
(60, 'CHS00003'),
(60, 'CHS00004'),
(60, 'CHS00005'),
(60, 'CHS00006'),
(60, 'CHS00007'),
(60, 'CHS00008'),
(60, 'CHS00009'),
(60, 'CHS00010'),
(60, 'CHS00011'),
(60, 'CHS00012'),
(60, 'CHS00013'),
(60, 'CHS00014'),
(60, 'CHS00015'),
(60, 'CHS00016'),
(60, 'CHS00017'),
(60, 'CHS00018'),
(60, 'CHS00019'),
(60, 'CHS00020'),
(60, 'CHS00021'),
(60, 'CHS00022'),
(60, 'CHS00023'),
(60, 'CHS00024'),
(60, 'CHS00025'),
(60, 'CHS00026'),
(60, 'CHS00027'),
(60, 'CHS00028'),
(60, 'CHS00029'),
(60, 'CHS00030'),
(60, 'CHS00031'),
(60, 'CHS00032'),
(60, 'CHS00033'),
(60, 'CHS00034'),
(60, 'CHS00035'),
(60, 'CHS00036'),
(60, 'CHS00037'),
(60, 'CHS00038'),
(60, 'CHS00039'),
(60, 'CHS00040'),
(60, 'CHS00041'),
(60, 'CHS00042'),
(60, 'CHS00043'),
(60, 'CHS00044'),
(60, 'CHS00045'),
(60, 'CHS00046'),
(60, 'CHS00047'),
(60, 'CHS00048'),
(60, 'CHS00049'),
(60, 'CHS00050'),
(61, 'CHS00026'),
(61, 'CHS00043'),
(61, 'CHS00028'),
(62, 'CHS00024'),
(63, 'CHS00007'),
(64, 'CHS00028'),
(64, 'CHS00039'),
(64, 'CHS00007'),
(65, 'CHS00025'),
(65, 'CHS00049'),
(66, 'CHS00031'),
(67, 'CHS00032'),
(67, 'CHS00005'),
(67, 'CHS00039'),
(68, 'CHS00043'),
(68, 'CHS00035'),
(69, 'CHS00043'),
(70, 'CHS00009'),
(71, 'CHS00037'),
(71, 'CHS00003'),
(72, 'CHS00043'),
(72, 'CHS00007'),
(73, 'CHS00047'),
(73, 'CHS00029'),
(74, 'CHS00008'),
(74, 'CHS00006'),
(74, 'CHS00039'),
(75, 'CHS00021'),
(76, 'CHS00001'),
(77, 'CHS00018'),
(77, 'CHS00048'),
(78, 'CHS00001'),
(78, 'CHS00002'),
(78, 'CHS00003'),
(78, 'CHS00004'),
(78, 'CHS00005'),
(78, 'CHS00006'),
(78, 'CHS00007'),
(78, 'CHS00008'),
(78, 'CHS00009'),
(78, 'CHS00010'),
(78, 'CHS00011'),
(78, 'CHS00012'),
(78, 'CHS00013'),
(78, 'CHS00014'),
(78, 'CHS00015'),
(78, 'CHS00016'),
(78, 'CHS00017'),
(78, 'CHS00018'),
(78, 'CHS00019'),
(78, 'CHS00020'),
(78, 'CHS00021'),
(78, 'CHS00022'),
(78, 'CHS00023'),
(78, 'CHS00024'),
(78, 'CHS00025'),
(78, 'CHS00026'),
(78, 'CHS00027'),
(78, 'CHS00028'),
(78, 'CHS00029'),
(78, 'CHS00030'),
(78, 'CHS00031'),
(78, 'CHS00032'),
(78, 'CHS00033'),
(78, 'CHS00034'),
(78, 'CHS00035'),
(78, 'CHS00036'),
(78, 'CHS00037'),
(78, 'CHS00038'),
(78, 'CHS00039'),
(78, 'CHS00040'),
(78, 'CHS00041'),
(78, 'CHS00042'),
(78, 'CHS00043'),
(78, 'CHS00044'),
(78, 'CHS00045'),
(78, 'CHS00046'),
(78, 'CHS00047'),
(78, 'CHS00048'),
(78, 'CHS00049'),
(78, 'CHS00050'),
(79, 'CHS00026'),
(79, 'CHS00028'),
(80, 'CHS00040'),
(80, 'CHS00032'),
(81, 'CHS00001'),
(81, 'CHS00002'),
(81, 'CHS00003'),
(81, 'CHS00004'),
(81, 'CHS00005'),
(81, 'CHS00006'),
(81, 'CHS00007'),
(81, 'CHS00008'),
(81, 'CHS00009'),
(81, 'CHS00010'),
(81, 'CHS00011'),
(81, 'CHS00012'),
(81, 'CHS00013'),
(81, 'CHS00014'),
(81, 'CHS00015'),
(81, 'CHS00016'),
(81, 'CHS00017'),
(81, 'CHS00018'),
(81, 'CHS00019'),
(81, 'CHS00020'),
(81, 'CHS00021'),
(81, 'CHS00022'),
(81, 'CHS00023'),
(81, 'CHS00024'),
(81, 'CHS00025'),
(81, 'CHS00026'),
(81, 'CHS00027'),
(81, 'CHS00028'),
(81, 'CHS00029'),
(81, 'CHS00030'),
(81, 'CHS00031'),
(81, 'CHS00032'),
(81, 'CHS00033'),
(81, 'CHS00034'),
(81, 'CHS00035'),
(81, 'CHS00036'),
(81, 'CHS00037'),
(81, 'CHS00038'),
(81, 'CHS00039'),
(81, 'CHS00040'),
(81, 'CHS00041'),
(81, 'CHS00042'),
(81, 'CHS00043'),
(81, 'CHS00044'),
(81, 'CHS00045'),
(81, 'CHS00046'),
(81, 'CHS00047'),
(81, 'CHS00048'),
(81, 'CHS00049'),
(81, 'CHS00050'),
(82, 'CHS00032'),
(82, 'CHS00016'),
(82, 'CHS00021'),
(83, 'CHS00038'),
(84, 'CHS00009'),
(85, 'CHS00050'),
(85, 'CHS00018'),
(85, 'CHS00031'),
(86, 'CHS00043'),
(87, 'CHS00025'),
(87, 'CHS00017'),
(87, 'CHS00006'),
(88, 'CHS00033'),
(88, 'CHS00035'),
(88, 'CHS00037'),
(89, 'CHS00030'),
(89, 'CHS00005'),
(90, 'CHS00039'),
(90, 'CHS00028'),
(91, 'CHS00016'),
(91, 'CHS00042'),
(92, 'CHS00034'),
(93, 'CHS00048'),
(93, 'CHS00033'),
(93, 'CHS00019'),
(94, 'CHS00001'),
(94, 'CHS00031'),
(95, 'CHS00044'),
(95, 'CHS00024'),
(95, 'CHS00001'),
(96, 'CHS00002'),
(96, 'CHS00018'),
(96, 'CHS00009'),
(97, 'CHS00001'),
(97, 'CHS00002'),
(97, 'CHS00003'),
(97, 'CHS00004'),
(97, 'CHS00005'),
(97, 'CHS00006'),
(97, 'CHS00007'),
(97, 'CHS00008'),
(97, 'CHS00009'),
(97, 'CHS00010'),
(97, 'CHS00011'),
(97, 'CHS00012'),
(97, 'CHS00013'),
(97, 'CHS00014'),
(97, 'CHS00015'),
(97, 'CHS00016'),
(97, 'CHS00017'),
(97, 'CHS00018'),
(97, 'CHS00019'),
(97, 'CHS00020'),
(97, 'CHS00021'),
(97, 'CHS00022'),
(97, 'CHS00023'),
(97, 'CHS00024'),
(97, 'CHS00025'),
(97, 'CHS00026'),
(97, 'CHS00027'),
(97, 'CHS00028'),
(97, 'CHS00029'),
(97, 'CHS00030'),
(97, 'CHS00031'),
(97, 'CHS00032'),
(97, 'CHS00033'),
(97, 'CHS00034'),
(97, 'CHS00035'),
(97, 'CHS00036'),
(97, 'CHS00037'),
(97, 'CHS00038'),
(97, 'CHS00039'),
(97, 'CHS00040'),
(97, 'CHS00041'),
(97, 'CHS00042'),
(97, 'CHS00043'),
(97, 'CHS00044'),
(97, 'CHS00045'),
(97, 'CHS00046'),
(97, 'CHS00047'),
(97, 'CHS00048'),
(97, 'CHS00049'),
(97, 'CHS00050'),
(98, 'CHS00024'),
(98, 'CHS00012'),
(98, 'CHS00034'),
(99, 'CHS00028'),
(100, 'CHS00010');
